{
  "backbone": "PatchTST",
  "metric": "auroc",
  "metric_label": "AUROC",
  "min_eval_anomalies_cutoff": 0,
  "main_correlation": {
    "metric": "auroc",
    "spearman_rho": 0.42153153828845724,
    "spearman_p": 5.096606296711677e-10,
    "pearson_r_log_mse": 0.19244549313696013,
    "pearson_p_log_mse": 0.006331549881595549,
    "n_datasets": 200,
    "within_family_spearman_normal_mse": -0.11230196665924791,
    "within_family_n_families_normal_mse": 11,
    "within_family_spearman_normal_mae": -0.13822528693695982,
    "within_family_n_families_normal_mae": 11,
    "within_family_spearman_normal_mse_strict": -0.2574038227673126,
    "within_family_n_families_normal_mse_strict": 10,
    "within_family_spearman_normal_mae_strict": -0.29253098227434804,
    "within_family_n_families_normal_mae_strict": 10
  },
  "baseline_comparison": {
    "metric": "auroc",
    "n_datasets": 200,
    "datasets_D_w_z_wins": "111/200",
    "n_dwz_wins": 111,
    "mean_delta": 0.02721830676350618,
    "median_delta": 0.0010035414290276434,
    "wilcoxon_W": 7481.0,
    "wilcoxon_p": 0.004600405055747725
  },
  "by_family": [
    {
      "family": "CATSv2",
      "n": 6,
      "mean_auroc_D_w_z": 0.7240951021712814,
      "median_auroc_D_w_z": 0.7191640723692454,
      "mean_auroc_D_w": 0.7120773821074389,
      "mean_delta": 0.012017720063842515,
      "spearman_normal_mse": -0.6,
      "p_normal_mse": 0.20799999999999982,
      "n_normal_mse": 6,
      "spearman_normal_mae": -0.942857142857143,
      "p_normal_mae": 0.004804664723032055,
      "n_normal_mae": 6,
      "spearman_normal_mse_strict": -0.7714285714285715,
      "p_normal_mse_strict": 0.07239650145772594,
      "n_normal_mse_strict": 6,
      "spearman_normal_mae_strict": -0.942857142857143,
      "p_normal_mae_strict": 0.004804664723032055,
      "n_normal_mae_strict": 6
    },
    {
      "family": "CreditCard",
      "n": 1,
      "mean_auroc_D_w_z": 0.6164816691780515,
      "median_auroc_D_w_z": 0.6164816691780515,
      "mean_auroc_D_w": 0.6075271559127494,
      "mean_delta": 0.008954513265302055
    },
    {
      "family": "Daphnet",
      "n": 1,
      "mean_auroc_D_w_z": 0.9205546646605594,
      "median_auroc_D_w_z": 0.9205546646605594,
      "mean_auroc_D_w": 0.8725288722753384,
      "mean_delta": 0.04802579238522098
    },
    {
      "family": "Exathlon",
      "n": 27,
      "mean_auroc_D_w_z": 0.9601382870974876,
      "median_auroc_D_w_z": 0.97289799088927,
      "mean_auroc_D_w": 0.9012997586878699,
      "mean_delta": 0.05883852840961771,
      "spearman_normal_mse": -0.3205128205128205,
      "p_normal_mse": 0.10311044470524966,
      "n_normal_mse": 27,
      "spearman_normal_mae": -0.36385836385836384,
      "p_normal_mae": 0.06207859506246856,
      "n_normal_mae": 27,
      "spearman_normal_mse_strict": -0.17216117216117213,
      "p_normal_mse_strict": 0.39051522503286706,
      "n_normal_mse_strict": 27,
      "spearman_normal_mae_strict": -0.184981684981685,
      "p_normal_mae_strict": 0.3556335293235986,
      "n_normal_mae_strict": 27
    },
    {
      "family": "GECCO",
      "n": 1,
      "mean_auroc_D_w_z": 0.8611499614774025,
      "median_auroc_D_w_z": 0.8611499614774025,
      "mean_auroc_D_w": 0.8803203167429572,
      "mean_delta": -0.01917035526555466
    },
    {
      "family": "GHL",
      "n": 25,
      "mean_auroc_D_w_z": 0.3356060359448561,
      "median_auroc_D_w_z": 0.3218989502535636,
      "mean_auroc_D_w": 0.1631019551047586,
      "mean_delta": 0.17250408084009752,
      "spearman_normal_mse": -0.08384615384615385,
      "p_normal_mse": 0.6902832969004511,
      "n_normal_mse": 25,
      "spearman_normal_mae": -0.041538461538461545,
      "p_normal_mae": 0.8437149161571618,
      "n_normal_mae": 25,
      "spearman_normal_mse_strict": -0.09615384615384616,
      "p_normal_mse_strict": 0.6475146685503539,
      "n_normal_mse_strict": 25,
      "spearman_normal_mae_strict": -0.03846153846153846,
      "p_normal_mae_strict": 0.8551673034402157,
      "n_normal_mae_strict": 25
    },
    {
      "family": "Genesis",
      "n": 1,
      "mean_auroc_D_w_z": 0.7310847247990104,
      "median_auroc_D_w_z": 0.7310847247990104,
      "mean_auroc_D_w": 0.596073593073593,
      "mean_delta": 0.13501113172541745
    },
    {
      "family": "LTDB",
      "n": 5,
      "mean_auroc_D_w_z": 0.6534360807402209,
      "median_auroc_D_w_z": 0.6300181467657044,
      "mean_auroc_D_w": 0.6509647491369174,
      "mean_delta": 0.0024713316033033615,
      "spearman_normal_mse": -0.3,
      "p_normal_mse": 0.6238376647810728,
      "n_normal_mse": 5,
      "spearman_normal_mae": -0.3,
      "p_normal_mae": 0.6238376647810728,
      "n_normal_mae": 5,
      "spearman_normal_mse_strict": -0.3,
      "p_normal_mse_strict": 0.6238376647810728,
      "n_normal_mse_strict": 5,
      "spearman_normal_mae_strict": -0.3,
      "p_normal_mae_strict": 0.6238376647810728,
      "n_normal_mae_strict": 5
    },
    {
      "family": "MITDB",
      "n": 13,
      "mean_auroc_D_w_z": 0.7443566183418432,
      "median_auroc_D_w_z": 0.7832503887328669,
      "mean_auroc_D_w": 0.7398223692706867,
      "mean_delta": 0.004534249071156549,
      "spearman_normal_mse": -0.510989010989011,
      "p_normal_mse": 0.07432891414402144,
      "n_normal_mse": 13,
      "spearman_normal_mae": -0.3021978021978022,
      "p_normal_mae": 0.3156083662499549,
      "n_normal_mae": 13,
      "spearman_normal_mse_strict": -0.5659340659340659,
      "p_normal_mse_strict": 0.04379259223545482,
      "n_normal_mse_strict": 13,
      "spearman_normal_mae_strict": -0.3516483516483516,
      "p_normal_mae_strict": 0.2386997053420337,
      "n_normal_mae_strict": 13
    },
    {
      "family": "MSL",
      "n": 16,
      "mean_auroc_D_w_z": 0.6904324961733216,
      "median_auroc_D_w_z": 0.7043874875565213,
      "mean_auroc_D_w": 0.7034484829387452,
      "mean_delta": -0.013015986765423489,
      "spearman_normal_mse": 0.27941176470588236,
      "p_normal_mse": 0.29461765356841446,
      "n_normal_mse": 16,
      "spearman_normal_mae": 0.5411764705882353,
      "p_normal_mae": 0.03040021888817021,
      "n_normal_mae": 16,
      "spearman_normal_mse_strict": 0.19999999999999998,
      "p_normal_mse_strict": 0.4748139645221684,
      "n_normal_mse_strict": 15,
      "spearman_normal_mae_strict": 0.4428571428571427,
      "p_normal_mae_strict": 0.0982940655468714,
      "n_normal_mae_strict": 15
    },
    {
      "family": "OPPORTUNITY",
      "n": 8,
      "mean_auroc_D_w_z": 0.39122437686421896,
      "median_auroc_D_w_z": 0.3177841142845448,
      "mean_auroc_D_w": 0.3180357971463037,
      "mean_delta": 0.07318857971791522,
      "spearman_normal_mse": -0.523809523809524,
      "p_normal_mse": 0.18272075053971484,
      "n_normal_mse": 8,
      "spearman_normal_mae": -0.5000000000000001,
      "p_normal_mae": 0.20703124999999997,
      "n_normal_mae": 8,
      "spearman_normal_mse_strict": -0.5952380952380953,
      "p_normal_mse_strict": 0.11952980613879259,
      "n_normal_mse_strict": 8,
      "spearman_normal_mae_strict": -0.5714285714285715,
      "p_normal_mae_strict": 0.1389599571607067,
      "n_normal_mae_strict": 8
    },
    {
      "family": "PSM",
      "n": 1,
      "mean_auroc_D_w_z": 0.4615728295733231,
      "median_auroc_D_w_z": 0.4615728295733231,
      "mean_auroc_D_w": 0.513858726169073,
      "mean_delta": -0.05228589659574995
    },
    {
      "family": "SMAP",
      "n": 27,
      "mean_auroc_D_w_z": 0.7076955837026433,
      "median_auroc_D_w_z": 0.766606593989784,
      "mean_auroc_D_w": 0.7435587724541878,
      "mean_delta": -0.03586318875154471,
      "spearman_normal_mse": 0.11782661782661781,
      "p_normal_mse": 0.5583329739652352,
      "n_normal_mse": 27,
      "spearman_normal_mae": 0.05006105006105006,
      "p_normal_mae": 0.8041565865396063,
      "n_normal_mae": 27,
      "spearman_normal_mse_strict": -0.09218559218559218,