{
  "metric": "auroc",
  "metric_label": "AUROC",
  "min_eval_anomalies_cutoff": 0,
  "main_correlation": {
    "metric": "auroc",
    "spearman_rho": 0.3963609090227256,
    "spearman_p": 6.247895931232282e-09,
    "pearson_r_log_mse": 0.12283998317458819,
    "pearson_p_log_mse": 0.08311349876633374,
    "n_datasets": 200,
    "within_family_spearman_normal_mse": -0.08197996322993814,
    "within_family_n_families_normal_mse": 11,
    "within_family_spearman_normal_mae": -0.11543393306649063,
    "within_family_n_families_normal_mae": 11,
    "within_family_spearman_normal_mse_strict": -0.256962744118114,
    "within_family_n_families_normal_mse_strict": 10,
    "within_family_spearman_normal_mae_strict": -0.2313417210549306,
    "within_family_n_families_normal_mae_strict": 10
  },
  "baseline_comparison": {
    "metric": "auroc",
    "n_datasets": 200,
    "datasets_D_w_wins": "88/200",
    "n_dw_wins": 88,
    "mean_delta": -0.01636312626900895,
    "median_delta": -0.003229518593767411,
    "wilcoxon_W": 9816.0,
    "wilcoxon_p": 0.7752459197766489
  },
  "by_family": [
    {
      "family": "CATSv2",
      "n": 6,
      "mean_auroc_D_w": 0.7212200256757643,
      "median_auroc_D_w": 0.7287172111342176,
      "mean_auroc_base": 0.614961158657411,
      "mean_delta": 0.1062588670183533,
      "spearman_normal_mse": 0.6,
      "p_normal_mse": 0.20799999999999982,
      "n_normal_mse": 6,
      "spearman_normal_mae": 0.028571428571428574,
      "p_normal_mae": 0.9571545189504373,
      "n_normal_mae": 6,
      "spearman_normal_mse_strict": 0.6,
      "p_normal_mse_strict": 0.20799999999999982,
      "n_normal_mse_strict": 6,
      "spearman_normal_mae_strict": 0.028571428571428574,
      "p_normal_mae_strict": 0.9571545189504373,
      "n_normal_mae_strict": 6
    },
    {
      "family": "CreditCard",
      "n": 1,
      "mean_auroc_D_w": 0.6137811547909545,
      "median_auroc_D_w": 0.6137811547909545,
      "mean_auroc_base": 0.946965799556172,
      "mean_delta": -0.3331846447652175
    },
    {
      "family": "Daphnet",
      "n": 1,
      "mean_auroc_D_w": 0.8111204267429839,
      "median_auroc_D_w": 0.8111204267429839,
      "mean_auroc_base": 0.9236702048468683,
      "mean_delta": -0.11254977810388445
    },
    {
      "family": "Exathlon",
      "n": 27,
      "mean_auroc_D_w": 0.9037297431866202,
      "median_auroc_D_w": 0.9698318344028416,
      "mean_auroc_base": 0.8871656833865079,
      "mean_delta": 0.01656405980011253,
      "spearman_normal_mse": -0.31318681318681324,
      "p_normal_mse": 0.1116822442398547,
      "n_normal_mse": 27,
      "spearman_normal_mae": -0.5225885225885226,
      "p_normal_mae": 0.005165720794969292,
      "n_normal_mae": 27,
      "spearman_normal_mse_strict": -0.4884004884004884,
      "p_normal_mse_strict": 0.009744596441557759,
      "n_normal_mse_strict": 27,
      "spearman_normal_mae_strict": -0.5299145299145299,
      "p_normal_mae_strict": 0.004470450913127967,
      "n_normal_mae_strict": 27
    },
    {
      "family": "GECCO",
      "n": 1,
      "mean_auroc_D_w": 0.8887643659260076,
      "median_auroc_D_w": 0.8887643659260076,
      "mean_auroc_base": 0.9784165007928358,
      "mean_delta": -0.08965213486682821
    },
    {
      "family": "GHL",
      "n": 25,
      "mean_auroc_D_w": 0.17310441537544333,
      "median_auroc_D_w": 0.1479498155448174,
      "mean_auroc_base": 0.21983669208157827,
      "mean_delta": -0.04673227670613491,
      "spearman_normal_mse": 0.008461538461538461,
      "p_normal_mse": 0.9679797010687115,
      "n_normal_mse": 25,
      "spearman_normal_mae": 0.3492307692307692,
      "p_normal_mae": 0.08706063248527335,
      "n_normal_mae": 25,
      "spearman_normal_mse_strict": 0.03538461538461538,
      "p_normal_mse_strict": 0.8666482296036683,
      "n_normal_mse_strict": 25,
      "spearman_normal_mae_strict": 0.35307692307692307,
      "p_normal_mae_strict": 0.08340459298589081,
      "n_normal_mae_strict": 25
    },
    {
      "family": "Genesis",
      "n": 1,
      "mean_auroc_D_w": 0.5686975881261596,
      "median_auroc_D_w": 0.5686975881261596,
      "mean_auroc_base": 0.4778367346938776,
      "mean_delta": 0.09086085343228195
    },
    {
      "family": "LTDB",
      "n": 5,
      "mean_auroc_D_w": 0.6624272892505386,
      "median_auroc_D_w": 0.6776245588690447,
      "mean_auroc_base": 0.6402017220802283,
      "mean_delta": 0.022225567170310455,
      "spearman_normal_mse": 0.3,
      "p_normal_mse": 0.6238376647810728,
      "n_normal_mse": 5,
      "spearman_normal_mae": 0.3,
      "p_normal_mae": 0.6238376647810728,
      "n_normal_mae": 5,
      "spearman_normal_mse_strict": 0.3,
      "p_normal_mse_strict": 0.6238376647810728,
      "n_normal_mse_strict": 5,
      "spearman_normal_mae_strict": -0.49999999999999994,
      "p_normal_mae_strict": 0.39100221895577053,
      "n_normal_mae_strict": 5
    },
    {
      "family": "MITDB",
      "n": 13,
      "mean_auroc_D_w": 0.748535616025327,
      "median_auroc_D_w": 0.7608837258400467,
      "mean_auroc_base": 0.7262997640205554,
      "mean_delta": 0.022235852004771798,
      "spearman_normal_mse": -0.14835164835164835,
      "p_normal_mse": 0.6286094178894162,
      "n_normal_mse": 13,
      "spearman_normal_mae": -0.24175824175824176,
      "p_normal_mae": 0.42617551959450883,
      "n_normal_mae": 13,
      "spearman_normal_mse_strict": -0.2802197802197803,
      "p_normal_mse_strict": 0.35376363563367896,
      "n_normal_mse_strict": 13,
      "spearman_normal_mae_strict": -0.2692307692307692,
      "p_normal_mae_strict": 0.37373304228189164,
      "n_normal_mae_strict": 13
    },
    {
      "family": "MSL",
      "n": 16,
      "mean_auroc_D_w": 0.7429808603223771,
      "median_auroc_D_w": 0.8027936248038248,
      "mean_auroc_base": 0.6940725697144288,
      "mean_delta": 0.04890829060794831,
      "spearman_normal_mse": 0.3323529411764706,
      "p_normal_mse": 0.2084998279822084,
      "n_normal_mse": 16,
      "spearman_normal_mae": 0.5470588235294118,
      "p_normal_mae": 0.028301087242108842,
      "n_normal_mae": 16,
      "spearman_normal_mse_strict": 0.18928571428571428,
      "p_normal_mse_strict": 0.49926303323854526,
      "n_normal_mse_strict": 15,
      "spearman_normal_mae_strict": 0.5499999999999999,
      "p_normal_mae_strict": 0.033655357815007086,
      "n_normal_mae_strict": 15
    },
    {
      "family": "OPPORTUNITY",
      "n": 8,
      "mean_auroc_D_w": 0.3415511189980656,
      "median_auroc_D_w": 0.255095015953707,
      "mean_auroc_base": 0.2731107213338897,
      "mean_delta": 0.06844039766417591,
      "spearman_normal_mse": -0.28571428571428575,
      "p_normal_mse": 0.4927262450169573,
      "n_normal_mse": 8,
      "spearman_normal_mae": -0.5476190476190477,
      "p_normal_mae": 0.1600256425388966,
      "n_normal_mae": 8,
      "spearman_normal_mse_strict": -0.6190476190476191,
      "p_normal_mse_strict": 0.1017330374542646,
      "n_normal_mse_strict": 8,
      "spearman_normal_mae_strict": -0.6190476190476191,
      "p_normal_mae_strict": 0.1017330374542646,
      "n_normal_mae_strict": 8
    },
    {
      "family": "PSM",
      "n": 1,
      "mean_auroc_D_w": 0.5321116049194409,
      "median_auroc_D_w": 0.5321116049194409,
      "mean_auroc_base": 0.5865926067066961,
      "mean_delta": -0.054481001787255234
    },
    {
      "family": "SMAP",
      "n": 27,
      "mean_auroc_D_w": 0.7216201964614334,
      "median_auroc_D_w": 0.7664070463165296,
      "mean_auroc_base": 0.6964905441219541,
      "mean_delta": 0.02512965233947923,
      "spearman_normal_mse": 0.14102564102564102,
      "p_normal_mse": 0.48290690742722064,
      "n_normal_mse": 27,
      "spearman_normal_mae": 0.08302808302808302,
      "p_normal_mae": 0.6805415762741001,
      "n_normal_mae": 27,
      "spearman_normal_mse_strict": -0.17094017094017094,
      "p_normal_mse_strict": 0.39393576728744417,
      "n_normal_mse_strict": 27,