dataset,VUS-PR,VUS-ROC,AUC-PR,AUC-ROC,Standard-F1,PA-F1,MSE,MAE
115_PSM_id_1_Facility_tr_50000_1st_129872,0.141621,0.550406,0.118813,0.532112,0.210866,0.727945,0.148766,0.204215
