dataset_id,family,backbone,test_length,n_eval_rows,n_anomaly_events,n_eval_anomalies,n_label_pos,n_label_neg,normal_mse,normal_mae,normal_mse_median,normal_mae_median,normal_mse_strict,normal_mae_strict,normal_mse_strict_median,normal_mae_strict_median,n_normal_target,n_normal_strict,auroc_D_w,vus_pr_D_w,vus_roc_D_w,auc_pr_D_w,standard_f1_D_w,pa_f1_D_w,sliding_window,vus_error_D_w,auroc_D_w_z,vus_pr_D_w_z,vus_roc_D_w_z,auc_pr_D_w_z,standard_f1_D_w_z,pa_f1_D_w_z,vus_error_D_w_z,auroc_raw_max,auroc_raw_mean,auroc_raw_median,auroc_z_train_max,auroc_z_train_mean,auroc_z_train_median,vus_pr_raw_max,vus_pr_raw_mean,vus_pr_raw_median,vus_pr_z_train_max,vus_pr_z_train_mean,vus_pr_z_train_median,vus_roc_raw_max,vus_roc_raw_mean,vus_roc_raw_median,vus_roc_z_train_max,vus_roc_z_train_mean,vus_roc_z_train_median,auc_pr_raw_max,auc_pr_raw_mean,auc_pr_raw_median,auc_pr_z_train_max,auc_pr_z_train_mean,auc_pr_z_train_median,standard_f1_raw_max,standard_f1_raw_mean,standard_f1_raw_median,standard_f1_z_train_max,standard_f1_z_train_mean,standard_f1_z_train_median,pa_f1_raw_max,pa_f1_raw_mean,pa_f1_raw_median,pa_f1_z_train_max,pa_f1_z_train_mean,pa_f1_z_train_median,n_kept_train_baseline,status,error
PSM,PSM,iTransformer,217624,202050,0,0,24381,193243,0.14876615727129514,0.20421459405047393,0.05888768169963895,0.16796887253136264,0.14941245976152168,0.20438178159057427,0.058472687541585446,0.17224144590866214,142956,129505,0.5321116049194409,0.14162138212107114,0.5504061569378937,0.11881331449837199,0.21086623242673833,0.7279450607501321,125,,0.4820903268227513,0.12075879908537411,0.5007995416657739,0.1012630953971136,0.20192729734081744,0.5435485590419672,,0.5321116049194409,0.5471461305948044,0.5571672610344288,0.4820903268227513,0.5091887541673321,0.5680303162776028,0.14162138212107114,0.15161017806258023,0.14691171591770968,0.12075879908537411,0.1294283507784359,0.15235936528860522,0.5504061569378937,0.5728909376440398,0.5560807701193085,0.5007995416657739,0.5276580975336627,0.5711941433057732,0.11881331449837199,0.12967890546288086,0.13519313274310926,0.1012630953971136,0.10886310473774961,0.13924863758618194,0.21086623242673833,0.2127698282245056,0.21748128787250998,0.20192729734081744,0.2070309277343356,0.22667116756587333,0.7279450607501321,0.7608808965337504,0.7902039143354852,0.5435485590419672,0.6646570356045957,0.8067874725044517,25,ok,
