{
  "backbone": "DLinear",
  "metric": "auroc",
  "metric_label": "AUROC",
  "min_eval_anomalies_cutoff": 0,
  "main_correlation": {
    "metric": "auroc",
    "spearman_rho": 0.3203315082877073,
    "spearman_p": 3.760241703213705e-06,
    "pearson_r_log_mse": 0.1743502536070229,
    "pearson_p_log_mse": 0.013542631477695964,
    "n_datasets": 200,
    "within_family_spearman_normal_mse": -0.1588480374726122,
    "within_family_n_families_normal_mse": 11,
    "within_family_spearman_normal_mae": -0.16718830204139556,
    "within_family_n_families_normal_mae": 11,
    "within_family_spearman_normal_mse_strict": -0.24974146919510298,
    "within_family_n_families_normal_mse_strict": 10,
    "within_family_spearman_normal_mae_strict": -0.25796259861883636,
    "within_family_n_families_normal_mae_strict": 10
  },
  "baseline_comparison": {
    "metric": "auroc",
    "n_datasets": 200,
    "datasets_D_w_z_wins": "114/200",
    "n_dwz_wins": 114,
    "mean_delta": 0.025994520619739555,
    "median_delta": 0.0007340263426855453,
    "wilcoxon_W": 6972.0,
    "wilcoxon_p": 0.0005223413160748069
  },
  "by_family": [
    {
      "family": "CATSv2",
      "n": 6,
      "mean_auroc_D_w_z": 0.6073610335318205,
      "median_auroc_D_w_z": 0.6233929895581848,
      "mean_auroc_D_w": 0.6597551596197769,
      "mean_delta": -0.05239412608795649,
      "spearman_normal_mse": -0.028571428571428574,
      "p_normal_mse": 0.9571545189504373,
      "n_normal_mse": 6,
      "spearman_normal_mae": -0.6571428571428573,
      "p_normal_mae": 0.15617492711370237,
      "n_normal_mae": 6,
      "spearman_normal_mse_strict": 0.08571428571428573,
      "p_normal_mse_strict": 0.8717434402332361,
      "n_normal_mse_strict": 6,
      "spearman_normal_mae_strict": -0.6571428571428573,
      "p_normal_mae_strict": 0.15617492711370237,
      "n_normal_mae_strict": 6
    },
    {
      "family": "CreditCard",
      "n": 1,
      "mean_auroc_D_w_z": 0.6332857864480725,
      "median_auroc_D_w_z": 0.6332857864480725,
      "mean_auroc_D_w": 0.6338896125890369,
      "mean_delta": -0.0006038261409643253
    },
    {
      "family": "Daphnet",
      "n": 1,
      "mean_auroc_D_w_z": 0.9045793905403028,
      "median_auroc_D_w_z": 0.9045793905403028,
      "mean_auroc_D_w": 0.8770499265546736,
      "mean_delta": 0.027529463985629166
    },
    {
      "family": "Exathlon",
      "n": 27,
      "mean_auroc_D_w_z": 0.9830889374075373,
      "median_auroc_D_w_z": 0.9884506157869104,
      "mean_auroc_D_w": 0.9508607709826229,
      "mean_delta": 0.03222816642491431,
      "spearman_normal_mse": -0.5085470085470085,
      "p_normal_mse": 0.006756156618366506,
      "n_normal_mse": 27,
      "spearman_normal_mae": -0.5598290598290598,
      "p_normal_mae": 0.0023936192237479117,
      "n_normal_mae": 27,
      "spearman_normal_mse_strict": -0.45054945054945056,
      "p_normal_mse_strict": 0.01835230564554986,
      "n_normal_mse_strict": 27,
      "spearman_normal_mae_strict": -0.4218559218559218,
      "p_normal_mae_strict": 0.028396357539921466,
      "n_normal_mae_strict": 27
    },
    {
      "family": "GECCO",
      "n": 1,
      "mean_auroc_D_w_z": 0.7115815983834868,
      "median_auroc_D_w_z": 0.7115815983834868,
      "mean_auroc_D_w": 0.7507370583576164,
      "mean_delta": -0.039155459974129614
    },
    {
      "family": "GHL",
      "n": 25,
      "mean_auroc_D_w_z": 0.48793690102383097,
      "median_auroc_D_w_z": 0.4684723883708088,
      "mean_auroc_D_w": 0.33354412076217793,
      "mean_delta": 0.15439278026165293,
      "spearman_normal_mse": -0.13,
      "p_normal_mse": 0.5356794124214603,
      "n_normal_mse": 25,
      "spearman_normal_mae": -0.09769230769230769,
      "p_normal_mae": 0.6422407865652611,
      "n_normal_mae": 25,
      "spearman_normal_mse_strict": -0.13,
      "p_normal_mse_strict": 0.5356794124214603,
      "n_normal_mse_strict": 25,
      "spearman_normal_mae_strict": -0.09769230769230769,
      "p_normal_mae_strict": 0.6422407865652611,
      "n_normal_mae_strict": 25
    },
    {
      "family": "Genesis",
      "n": 1,
      "mean_auroc_D_w_z": 0.955917130488559,
      "median_auroc_D_w_z": 0.955917130488559,
      "mean_auroc_D_w": 0.712330241187384,
      "mean_delta": 0.243586889301175
    },
    {
      "family": "LTDB",
      "n": 5,
      "mean_auroc_D_w_z": 0.677801118459938,
      "median_auroc_D_w_z": 0.6963091782331722,
      "mean_auroc_D_w": 0.6792732652352345,
      "mean_delta": -0.0014721467752964678,
      "spearman_normal_mse": 0.39999999999999997,
      "p_normal_mse": 0.5046315754686911,
      "n_normal_mse": 5,
      "spearman_normal_mae": 0.39999999999999997,
      "p_normal_mae": 0.5046315754686911,
      "n_normal_mae": 5,
      "spearman_normal_mse_strict": 0.39999999999999997,
      "p_normal_mse_strict": 0.5046315754686911,
      "n_normal_mse_strict": 5,
      "spearman_normal_mae_strict": 0.19999999999999998,
      "p_normal_mae_strict": 0.747060078104662,
      "n_normal_mae_strict": 5
    },
    {
      "family": "MITDB",
      "n": 13,
      "mean_auroc_D_w_z": 0.6912060440773602,
      "median_auroc_D_w_z": 0.6847926330572238,
      "mean_auroc_D_w": 0.6884594210240074,
      "mean_delta": 0.0027466230533528513,
      "spearman_normal_mse": 0.0934065934065934,
      "p_normal_mse": 0.7615000227827016,
      "n_normal_mse": 13,
      "spearman_normal_mae": 0.23076923076923078,
      "p_normal_mae": 0.44812738231536575,
      "n_normal_mae": 13,
      "spearman_normal_mse_strict": 0.0934065934065934,
      "p_normal_mse_strict": 0.7615000227827016,
      "n_normal_mse_strict": 13,
      "spearman_normal_mae_strict": 0.23076923076923078,
      "p_normal_mae_strict": 0.44812738231536575,
      "n_normal_mae_strict": 13
    },
    {
      "family": "MSL",
      "n": 16,
      "mean_auroc_D_w_z": 0.6831285603993079,
      "median_auroc_D_w_z": 0.7296304936617998,
      "mean_auroc_D_w": 0.7173319838909754,
      "mean_delta": -0.03420342349166754,
      "spearman_normal_mse": 0.044117647058823525,
      "p_normal_mse": 0.8711220048065985,
      "n_normal_mse": 16,
      "spearman_normal_mae": 0.2735294117647059,
      "p_normal_mae": 0.3053231563074052,
      "n_normal_mae": 16,
      "spearman_normal_mse_strict": -0.15714285714285714,
      "p_normal_mse_strict": 0.5759526006037947,
      "n_normal_mse_strict": 15,
      "spearman_normal_mae_strict": 0.15714285714285714,
      "p_normal_mae_strict": 0.5759526006037947,
      "n_normal_mae_strict": 15
    },
    {
      "family": "OPPORTUNITY",
      "n": 8,
      "mean_auroc_D_w_z": 0.5243147422277581,
      "median_auroc_D_w_z": 0.4975295177493855,
      "mean_auroc_D_w": 0.35999565901639463,
      "mean_delta": 0.16431908321136346,
      "spearman_normal_mse": -0.7857142857142858,
      "p_normal_mse": 0.020815127253525276,
      "n_normal_mse": 8,
      "spearman_normal_mae": -0.8095238095238096,
      "p_normal_mae": 0.014902667686230067,
      "n_normal_mae": 8,
      "spearman_normal_mse_strict": -0.8095238095238096,
      "p_normal_mse_strict": 0.014902667686230067,
      "n_normal_mse_strict": 8,
      "spearman_normal_mae_strict": -0.8095238095238096,
      "p_normal_mae_strict": 0.014902667686230067,
      "n_normal_mae_strict": 8
    },
    {
      "family": "PSM",
      "n": 1,
      "mean_auroc_D_w_z": 0.5609136292631673,
      "median_auroc_D_w_z": 0.5609136292631673,
      "mean_auroc_D_w": 0.5894077488928122,
      "mean_delta": -0.028494119629644876
    },
    {
      "family": "SMAP",
      "n": 27,
      "mean_auroc_D_w_z": 0.6821829741658324,
      "median_auroc_D_w_z": 0.6896718412050948,
      "mean_auroc_D_w": 0.6877316595667828,
      "mean_delta": -0.005548685400950388,
      "spearman_normal_mse": -0.06837606837606838,
      "p_normal_mse": 0.7347020505337638,
      "n_normal_mse": 27,
      "spearman_normal_mae": 0.01465201465201465,
      "p_normal_mae": 0.9421759754891775,
      "n_normal_mae": 27,